{
  "version": 2,
  "name": "velociclos",
  "buildCommand": "npm run build",
  "devCommand": "npm run dev",
  "installCommand": "npm install",
  "outputDirectory": "dist",
  "framework": null,
  "rewrites": [
    {
      "source": "/(.*)",
      "destination": "/index.html"
    }
  ],
  "headers": [
    {
      "source": "/(.*)",
      "headers": [
        {
          "key": "Content-Security-Policy",
          "value": "default-src 'self'; script-src 'self' 'unsafe-inline' https://cdnjs.cloudflare.com https://unpkg.com https://www.googletagmanager.com https://www.google-analytics.com; style-src 'self' 'unsafe-inline' https://cdnjs.cloudflare.com https://unpkg.com https://fonts.googleapis.com; font-src 'self' https://fonts.gstatic.com https://cdnjs.cloudflare.com; img-src 'self' data: https: blob:; connect-src 'self' https://api.stripe.com https://js.stripe.com https://www.google-analytics.com https://www.googletagmanager.com; frame-src https://js.stripe.com https://hooks.stripe.com; object-src 'none'; base-uri 'self'; form-action 'self'; upgrade-insecure-requests;"
        },
        {
          "key": "X-Frame-Options",
          "value": "DENY"
        },
        {
          "key": "X-Content-Type-Options",
          "value": "nosniff"
        },
        {
          "key": "Referrer-Policy",
          "value": "strict-origin-when-cross-origin"
        },
        {
          "key": "Permissions-Policy",
          "value": "camera=(), microphone=(), geolocation=(), payment=(self)"
        },
        {
          "key": "X-XSS-Protection",
          "value": "1; mode=block"
        },
        {
          "key": "Strict-Transport-Security",
          "value": "max-age=31536000; includeSubDomains; preload"
        },
        {
          "key": "Cache-Control",
          "value": "public, max-age=31536000, immutable"
        }
      ]
    },
    {
      "source": "/index.html",
      "headers": [
        {
          "key": "Cache-Control",
          "value": "public, max-age=3600"
        }
      ]
    },
    {
      "source": "/cursos.html",
      "headers": [
        {
          "key": "Cache-Control",
          "value": "public, max-age=3600"
        }
      ]
    },
    {
      "source": "/conquistas.html",
      "headers": [
        {
          "key": "Cache-Control",
          "value": "public, max-age=3600"
        }
      ]
    }
  ],
  "redirects": [
    {
      "source": "/home",
      "destination": "/index.html",
      "permanent": true
    },
    {
      "source": "/cursos",
      "destination": "/cursos.html",
      "permanent": true
    },
    {
      "source": "/ea-velociclos",
      "destination": "/conquistas.html",
      "permanent": true
    },
    {
      "source": "/robo-trading",
      "destination": "/conquistas.html",
      "permanent": true
    }
  ]
}
