{
    "id": "modulo1",
    "title": "MÃ³dulo 1: Fundamentos",
    "description": "Conceitos bÃ¡sicos e introduÃ§Ã£o ao sistema",
    "order": 1,
    "lessons": [
        {
            "id": "l1-1",
            "title": "Boas-vindas e IntroduÃ§Ã£o",
            "type": "video",
            "duration": "5 min",
            "fileId": "1LdjDs0eiD-6nQOnpPdb-Ig8zDAZNVZWs",
            "filePath": "https://drive.google.com/uc?export=view&id=1LdjDs0eiD-6nQOnpPdb-Ig8zDAZNVZWs",
            "description": "VÃ­deo de boas-vindas e introduÃ§Ã£o ao curso",
            "order": 1
        },
        {
            "id": "l1-2",
            "title": "Guia de Processos Iniciais",
            "type": "pdf",
            "duration": "Leitura",
            "fileId": "SEU_FILE_ID_AQUI",
            "filePath": "https://drive.google.com/uc?export=view&id=SEU_FILE_ID_AQUI",
            "description": "Documento com guia de processos",
            "order": 2
        }
    ]
}


