[
  {
    "id": "forex-iniciante",
    "title": "Forex para Iniciantes",
    "description": "Aprenda os fundamentos do mercado Forex do zero",
    "modules": 6,
    "duration": "4 horas",
    "level": "Iniciante",
    "price": 497,
    "category": "forex"
  },
  {
    "id": "analise-tecnica-basica",
    "title": "Análise Técnica Básica",
    "description": "Domine gráficos, velas e indicadores fundamentais",
    "modules": 8,
    "duration": "6 horas",
    "level": "Iniciante",
    "price": 697,
    "category": "analise"
  },
  {
    "id": "gestao-risco-avancada",
    "title": "Gestão de Risco Avançada",
    "description": "Técnicas profissionais para proteger seu capital",
    "modules": 5,
    "duration": "3 horas",
    "level": "Avançado",
    "price": 897,
    "category": "risco"
  },
  {
    "id": "estrategias-trading",
    "title": "Estratégias de Trading",
    "description": "Sistemas comprovados de entrada e saída",
    "modules": 10,
    "duration": "8 horas",
    "level": "Intermediário",
    "price": 1197,
    "category": "estrategias"
  },
  {
    "id": "psicologia-trader",
    "title": "Psicologia do Trader",
    "description": "Controle emocional e disciplina mental",
    "modules": 4,
    "duration": "2 horas",
    "level": "Intermediário",
    "price": 397,
    "category": "psicologia"
  },
  {
    "id": "forex-completo",
    "title": "Forex Completo",
    "description": "Pacote completo: todos os cursos + EA Velociclos",
    "modules": 25,
    "duration": "20 horas",
    "level": "Completo",
    "price": 2497,
    "category": "pacote"
  },
  {
    "id": "expert-advisor-velociclos",
    "title": "Expert Advisor Velociclos",
    "description": "Robô automatizado com 78% de taxa de acerto",
    "modules": 1,
    "duration": "Setup: 30 min",
    "level": "Automatizado",
    "price": 2997,
    "category": "automacao"
  }
]